AK,2016-01-01T00:00:00Z,Doohickey,239.2289290357025
AK,2016-01-01T00:00:00Z,Gadget,287.75459270898403
AK,2016-01-01T00:00:00Z,Gizmo,396.58205796260364
AK,2016-01-01T00:00:00Z,Widget,170.14078226200036
AK,2016-01-01T00:00:00Z,,1093.7063619692906
AK,2017-01-01T00:00:00Z,Doohickey,1019.4188711220115
AK,2017-01-01T00:00:00Z,Gadget,999.1852020260081
AK,2017-01-01T00:00:00Z,Gizmo,1134.4143205833595
AK,2017-01-01T00:00:00Z,Widget,1740.0624271735262
AK,2017-01-01T00:00:00Z,,4893.080820904906
AK,2018-01-01T00:00:00Z,Doohickey,2103.072109395929
AK,2018-01-01T00:00:00Z,Gadget,2361.73932969346
AK,2018-01-01T00:00:00Z,Gizmo,4138.606286382207
AK,2018-01-01T00:00:00Z,Widget,2806.00875954669
AK,2018-01-01T00:00:00Z,,11409.42648501828
AK,2019-01-01T00:00:00Z,Doohickey,2671.0837398272665
AK,2019-01-01T00:00:00Z,Gadget,5031.775600180395
AK,2019-01-01T00:00:00Z,Gizmo,3178.6074586907403
AK,2019-01-01T00:00:00Z,Widget,3632.0280411249328
AK,2019-01-01T00:00:00Z,,14513.494839823335
AK,2020-01-01T00:00:00Z,Doohickey,867.6295977966541
AK,2020-01-01T00:00:00Z,Gadget,1176.4096388012556
AK,2020-01-01T00:00:00Z,Gizmo,1249.8394355347991
AK,2020-01-01T00:00:00Z,Widget,1252.5098915726999
AK,2020-01-01T00:00:00Z,,4546.388563705409
AK,,Doohickey,6900.4332471775615
AK,,Gadget,9856.864363410103
AK,,Gizmo,10098.049559153706
AK,,Widget,9600.749901679848
AK,,,36456.09707142126
AL,2016-01-01T00:00:00Z,Doohickey,379.4007527995264
AL,2016-01-01T00:00:00Z,Gadget,167.00421100984448
AL,2016-01-01T00:00:00Z,Gizmo,289.5737114800476
AL,2016-01-01T00:00:00Z,Widget,368.79153719830146
AL,2016-01-01T00:00:00Z,,1204.7702124877198
AL,2017-01-01T00:00:00Z,Doohickey,1092.010580786269
AL,2017-01-01T00:00:00Z,Gadget,1628.9613011050437
AL,2017-01-01T00:00:00Z,Gizmo,1223.4060965255949
AL,2017-01-01T00:00:00Z,Widget,1302.6160218874877
AL,2017-01-01T00:00:00Z,,5246.994000304395
AL,2018-01-01T00:00:00Z,Doohickey,2754.4809099660692
AL,2018-01-01T00:00:00Z,Gadget,3498.9959847203368
AL,2018-01-01T00:00:00Z,Gizmo,3798.177950571522
AL,2018-01-01T00:00:00Z,Widget,3457.599675704283
AL,2018-01-01T00:00:00Z,,13509.254520962208
AL,2019-01-01T00:00:00Z,Doohickey,2754.9523579989436
AL,2019-01-01T00:00:00Z,Gadget,4530.1560956010635
AL,2019-01-01T00:00:00Z,Gizmo,3571.282017962618
AL,2019-01-01T00:00:00Z,Widget,4039.7635691792843
AL,2019-01-01T00:00:00Z,,14896.154040741902
AL,2020-01-01T00:00:00Z,Doohickey,875.2202288826888
AL,2020-01-01T00:00:00Z,Gadget,499.7282438606219
AL,2020-01-01T00:00:00Z,Gizmo,1274.010852298045
AL,2020-01-01T00:00:00Z,Widget,1414.6790189564813
AL,2020-01-01T00:00:00Z,,4063.638343997838
AL,,Doohickey,7856.064830433496
AL,,Gadget,10324.84583629691
AL,,Gizmo,10156.450628837818
AL,,Widget,10583.449822925837
AL,,,38920.81111849397
AR,2016-01-01T00:00:00Z,Doohickey,19.86809834572766
AR,2016-01-01T00:00:00Z,Gadget,132.08266434275322
AR,2016-01-01T00:00:00Z,Gizmo,301.6786219227656
AR,2016-01-01T00:00:00Z,Widget,201.5241875928119
AR,2016-01-01T00:00:00Z,,655.1535722040584
AR,2017-01-01T00:00:00Z,Doohickey,752.6380672164559
AR,2017-01-01T00:00:00Z,Gadget,997.4416764718245
AR,2017-01-01T00:00:00Z,Gizmo,717.0077029166249
AR,2017-01-01T00:00:00Z,Widget,736.8470007844741
AR,2017-01-01T00:00:00Z,,3203.93444738938
AR,2018-01-01T00:00:00Z,Doohickey,1542.176593260497
AR,2018-01-01T00:00:00Z,Gadget,2043.0662618049764
AR,2018-01-01T00:00:00Z,Gizmo,2111.0430220793705
AR,2018-01-01T00:00:00Z,Widget,2191.7789882317447
AR,2018-01-01T00:00:00Z,,7888.0648653765875
AR,2019-01-01T00:00:00Z,Doohickey,1723.136008966206
AR,2019-01-01T00:00:00Z,Gadget,2445.0816967892665
AR,2019-01-01T00:00:00Z,Gizmo,2324.308894176795
AR,2019-01-01T00:00:00Z,Widget,2742.5042012952813
AR,2019-01-01T00:00:00Z,,9235.030801227545
AR,2020-01-01T00:00:00Z,Doohickey,412.5520002299239
AR,2020-01-01T00:00:00Z,Gadget,983.0023838493124
AR,2020-01-01T00:00:00Z,Gizmo,744.3723111971082
AR,2020-01-01T00:00:00Z,Widget,753.1266088363334
AR,2020-01-01T00:00:00Z,,2893.0533041126787
AR,,Doohickey,4450.370768018811
AR,,Gadget,6600.674683258132
AR,,Gizmo,6198.410552292666
AR,,Widget,6625.780986740646
AR,,,23875.236990310244
AZ,2017-01-01T00:00:00Z,Doohickey,89.87113480565938
AZ,2017-01-01T00:00:00Z,Gadget,456.7260969905125
AZ,2017-01-01T00:00:00Z,Gizmo,307.29009107920336
AZ,2017-01-01T00:00:00Z,Widget,344.21148508912233
AZ,2017-01-01T00:00:00Z,,1198.0988079644974
AZ,2018-01-01T00:00:00Z,Doohickey,380.6017479650286
AZ,2018-01-01T00:00:00Z,Gadget,456.03188175245725
AZ,2018-01-01T00:00:00Z,Gizmo,406.99489759233205
AZ,2018-01-01T00:00:00Z,Widget,610.7026433608958
AZ,2018-01-01T00:00:00Z,,1854.3311706707134
AZ,2019-01-01T00:00:00Z,Doohickey,389.6229186607211
AZ,2019-01-01T00:00:00Z,Gadget,686.2529427092696
AZ,2019-01-01T00:00:00Z,Gizmo,682.4319583445443
AZ,2019-01-01T00:00:00Z,Widget,390.97060872179395
AZ,2019-01-01T00:00:00Z,,2149.278428436329
AZ,2020-01-01T00:00:00Z,Doohickey,156.32111768411568
AZ,2020-01-01T00:00:00Z,Gadget,84.69594047403065
AZ,2020-01-01T00:00:00Z,Gizmo,262.7488790194283
AZ,2020-01-01T00:00:00Z,Widget,117.32963250370614
AZ,2020-01-01T00:00:00Z,,621.0955696812807
AZ,,Doohickey,1016.4169191155246
AZ,,Gadget,1683.7068619262698
AZ,,Gizmo,1659.4658260355075
AZ,,Widget,1463.214369675518
AZ,,,5822.803976752822
CA,2016-01-01T00:00:00Z,Doohickey,256.9416358228006
CA,2016-01-01T00:00:00Z,Gadget,350.83985306840117
CA,2016-01-01T00:00:00Z,Gizmo,433.3151238371087
CA,2016-01-01T00:00:00Z,Widget,414.8111542533983
CA,2016-01-01T00:00:00Z,,1455.907766981709
CA,2017-01-01T00:00:00Z,Doohickey,1312.8837344105216
CA,2017-01-01T00:00:00Z,Gadget,1638.355434352203
CA,2017-01-01T00:00:00Z,Gizmo,2369.8526103969284
CA,2017-01-01T00:00:00Z,Widget,2566.8161056831837
CA,2017-01-01T00:00:00Z,,7887.907884842839
CA,2018-01-01T00:00:00Z,Doohickey,3549.5981800430404
CA,2018-01-01T00:00:00Z,Gadget,4485.196678795409
CA,2018-01-01T00:00:00Z,Gizmo,4981.299381601616
CA,2018-01-01T00:00:00Z,Widget,3683.773977302325
CA,2018-01-01T00:00:00Z,,16699.86821774239
CA,2019-01-01T00:00:00Z,Doohickey,3330.3298558431493
CA,2019-01-01T00:00:00Z,Gadget,4667.306244421976
CA,2019-01-01T00:00:00Z,Gizmo,3692.622844030217
CA,2019-01-01T00:00:00Z,Widget,4141.1835506430125
CA,2019-01-01T00:00:00Z,,15831.44249493835
CA,2020-01-01T00:00:00Z,Doohickey,805.9025392724559
CA,2020-01-01T00:00:00Z,Gadget,1764.0374221011868
CA,2020-01-01T00:00:00Z,Gizmo,1064.3425088706192
CA,2020-01-01T00:00:00Z,Widget,1344.2301700805715
CA,2020-01-01T00:00:00Z,,4978.512640324833
CA,,Doohickey,9255.655945391969
CA,,Gadget,12905.735632739174
CA,,Gizmo,12541.432468736482
CA,,Widget,12150.814957962499
CA,,,46853.63900483005
CO,2016-01-01T00:00:00Z,Doohickey,735.5451978096935
CO,2016-01-01T00:00:00Z,Gadget,590.0188804812965
CO,2016-01-01T00:00:00Z,Gizmo,232.9648361159446
CO,2016-01-01T00:00:00Z,Widget,415.2899742633956
CO,2016-01-01T00:00:00Z,,1973.81888867033
CO,2017-01-01T00:00:00Z,Doohickey,1650.4528322175256
CO,2017-01-01T00:00:00Z,Gadget,2023.0679293227765
CO,2017-01-01T00:00:00Z,Gizmo,2044.5539010728075
CO,2017-01-01T00:00:00Z,Widget,2455.0119605962914
CO,2017-01-01T00:00:00Z,,8173.086623209403
CO,2018-01-01T00:00:00Z,Doohickey,4262.511295625427
CO,2018-01-01T00:00:00Z,Gadget,5092.216910820132
CO,2018-01-01T00:00:00Z,Gizmo,4956.253894399333
CO,2018-01-01T00:00:00Z,Widget,3307.924434478318
CO,2018-01-01T00:00:00Z,,17618.906535323193
CO,2019-01-01T00:00:00Z,Doohickey,4237.242726179784
CO,2019-01-01T00:00:00Z,Gadget,5441.168710014855
CO,2019-01-01T00:00:00Z,Gizmo,4613.605197504251
CO,2019-01-01T00:00:00Z,Widget,6455.928820263419
CO,2019-01-01T00:00:00Z,,20747.945453962297
CO,2020-01-01T00:00:00Z,Doohickey,1257.7100490091118
CO,2020-01-01T00:00:00Z,Gadget,2396.5170406976918
CO,2020-01-01T00:00:00Z,Gizmo,1756.5372236497874
CO,2020-01-01T00:00:00Z,Widget,2433.531097753972
CO,2020-01-01T00:00:00Z,,7844.295411110559
CO,,Doohickey,12143.462100841536
CO,,Gadget,15542.989471336743
CO,,Gizmo,13603.91505274211
CO,,Widget,15067.686287355396
CO,,,56358.05291227575
CT,2016-01-01T00:00:00Z,Doohickey,73.99178100854834
CT,2016-01-01T00:00:00Z,Gadget,85.72279013719552
CT,2016-01-01T00:00:00Z,Gizmo,87.29125153827623
CT,2016-01-01T00:00:00Z,,247.00582268402007
CT,2017-01-01T00:00:00Z,Doohickey,101.7108748545767
CT,2017-01-01T00:00:00Z,Widget,89.0134841727878
CT,2017-01-01T00:00:00Z,,190.7243590273645
CT,2018-01-01T00:00:00Z,Doohickey,245.93350090672484
CT,2018-01-01T00:00:00Z,Gadget,132.87249831416258
CT,2018-01-01T00:00:00Z,Gizmo,123.1196127553999
CT,2018-01-01T00:00:00Z,Widget,63.50890855689462
CT,2018-01-01T00:00:00Z,,565.434520533182
CT,2019-01-01T00:00:00Z,Gadget,308.9888770348911
CT,2019-01-01T00:00:00Z,Gizmo,138.9897232893144
CT,2019-01-01T00:00:00Z,Widget,306.81089215560706
CT,2019-01-01T00:00:00Z,,754.7894924798126
CT,2020-01-01T00:00:00Z,Doohickey,71.53687730741436
CT,2020-01-01T00:00:00Z,Gizmo,65.09432810381134
CT,2020-01-01T00:00:00Z,Widget,69.15415037577924
CT,2020-01-01T00:00:00Z,,205.78535578700493
CT,,Doohickey,493.1730340772642
CT,,Gadget,527.5841654862492
CT,,Gizmo,414.49491568680185
CT,,Widget,528.4874352610686
CT,,,1963.7395505113843
DE,2016-01-01T00:00:00Z,Gadget,20.41053609936413
DE,2016-01-01T00:00:00Z,Widget,36.60883787357609
DE,2016-01-01T00:00:00Z,,57.01937397294022
DE,2017-01-01T00:00:00Z,Doohickey,74.87095783152942
DE,2017-01-01T00:00:00Z,Gadget,254.32739673186168
DE,2017-01-01T00:00:00Z,Gizmo,76.28323416938524
DE,2017-01-01T00:00:00Z,,405.4815887327764
DE,2018-01-01T00:00:00Z,Doohickey,247.3900403484796
DE,2018-01-01T00:00:00Z,Gadget,126.79088723686822
DE,2018-01-01T00:00:00Z,Gizmo,143.07457878690968
DE,2018-01-01T00:00:00Z,,517.2555063722575
DE,2019-01-01T00:00:00Z,Doohickey,59.53172693453274
DE,2019-01-01T00:00:00Z,Gizmo,112.41825444654248
DE,2019-01-01T00:00:00Z,Widget,37.648145389078365
DE,2019-01-01T00:00:00Z,,209.59812677015358
DE,2020-01-01T00:00:00Z,Gadget,81.87627832636537
DE,2020-01-01T00:00:00Z,Gizmo,99.66240044231697
DE,2020-01-01T00:00:00Z,,181.53867876868233
DE,,Doohickey,381.7927251145417
DE,,Gadget,483.40509839445934
DE,,Gizmo,431.4384678451544
DE,,Widget,74.25698326265446
DE,,,1370.8932746168102
FL,2016-01-01T00:00:00Z,Doohickey,31.727470408648482
FL,2016-01-01T00:00:00Z,Gadget,162.03291564139076
FL,2016-01-01T00:00:00Z,Gizmo,150.1723385480742
FL,2016-01-01T00:00:00Z,Widget,194.19519999733416
FL,2016-01-01T00:00:00Z,,538.1279245954477
FL,2017-01-01T00:00:00Z,Doohickey,636.072182817824
FL,2017-01-01T00:00:00Z,Gadget,1141.530179853826
FL,2017-01-01T00:00:00Z,Gizmo,554.6156631606433
FL,2017-01-01T00:00:00Z,Widget,1076.1894115261202
FL,2017-01-01T00:00:00Z,,3408.407437358414
FL,2018-01-01T00:00:00Z,Doohickey,1535.620009912896
FL,2018-01-01T00:00:00Z,Gadget,2274.2232469181145
FL,2018-01-01T00:00:00Z,Gizmo,2070.22812283844
FL,2018-01-01T00:00:00Z,Widget,2545.3794860554112
FL,2018-01-01T00:00:00Z,,8425.45086572486
FL,2019-01-01T00:00:00Z,Doohickey,1676.8328239458642
FL,2019-01-01T00:00:00Z,Gadget,2933.198824050437
FL,2019-01-01T00:00:00Z,Gizmo,2326.8642384015357
FL,2019-01-01T00:00:00Z,Widget,2372.964211502444
FL,2019-01-01T00:00:00Z,,9309.860097900279
FL,2020-01-01T00:00:00Z,Doohickey,499.75607741649026
FL,2020-01-01T00:00:00Z,Gadget,772.8418418919534
FL,2020-01-01T00:00:00Z,Gizmo,611.0739528393586
FL,2020-01-01T00:00:00Z,Widget,924.2091273028859
FL,2020-01-01T00:00:00Z,,2807.8809994506883
FL,,Doohickey,4380.008564501724
FL,,Gadget,7283.827008355724
FL,,Gizmo,5712.954315788052
FL,,Widget,7112.937436384195
FL,,,24489.727325029697
GA,2016-01-01T00:00:00Z,Doohickey,270.8203078020879
GA,2016-01-01T00:00:00Z,Gadget,150.20790216587875
GA,2016-01-01T00:00:00Z,Gizmo,160.997762741249
GA,2016-01-01T00:00:00Z,Widget,181.98119172535175
GA,2016-01-01T00:00:00Z,,764.0071644345672
GA,2017-01-01T00:00:00Z,Doohickey,1403.5291304248688
GA,2017-01-01T00:00:00Z,Gadget,1628.4914276256964
GA,2017-01-01T00:00:00Z,Gizmo,984.8233346880152
GA,2017-01-01T00:00:00Z,Widget,1729.2454987547408
GA,2017-01-01T00:00:00Z,,5746.0893914933185
GA,2018-01-01T00:00:00Z,Doohickey,2070.972238644
GA,2018-01-01T00:00:00Z,Gadget,3006.836175530785
GA,2018-01-01T00:00:00Z,Gizmo,2571.118893958165
GA,2018-01-01T00:00:00Z,Widget,3521.3242290867065
GA,2018-01-01T00:00:00Z,,11170.251537219654
GA,2019-01-01T00:00:00Z,Doohickey,2766.1887353088273
GA,2019-01-01T00:00:00Z,Gadget,4002.8283437518726
GA,2019-01-01T00:00:00Z,Gizmo,3275.7005408751215
GA,2019-01-01T00:00:00Z,Widget,3201.72909978137
GA,2019-01-01T00:00:00Z,,13246.446719717183
GA,2020-01-01T00:00:00Z,Doohickey,804.5576368210566
GA,2020-01-01T00:00:00Z,Gadget,974.9810007939944
GA,2020-01-01T00:00:00Z,Gizmo,1084.1276746574715
GA,2020-01-01T00:00:00Z,Widget,989.9136219226323
GA,2020-01-01T00:00:00Z,,3853.579934195155
GA,,Doohickey,7316.068049000841
GA,,Gadget,9763.344849868225
GA,,Gizmo,8076.768206920023
GA,,Widget,9624.193641270796
GA,,,34780.37474705986
IA,2016-01-01T00:00:00Z,Doohickey,209.7427404283484
IA,2016-01-01T00:00:00Z,Gadget,480.684226274919
IA,2016-01-01T00:00:00Z,Gizmo,427.10569547041
IA,2016-01-01T00:00:00Z,Widget,283.85642159454477
IA,2016-01-01T00:00:00Z,,1401.389083768222
IA,2017-01-01T00:00:00Z,Doohickey,1362.1198112858717
IA,2017-01-01T00:00:00Z,Gadget,1905.9130807865338
IA,2017-01-01T00:00:00Z,Gizmo,1485.1302640266827
IA,2017-01-01T00:00:00Z,Widget,2030.5612779431299
IA,2017-01-01T00:00:00Z,,6783.7244340422185
IA,2018-01-01T00:00:00Z,Doohickey,2590.1032575281483
IA,2018-01-01T00:00:00Z,Gadget,2753.5492333095694
IA,2018-01-01T00:00:00Z,Gizmo,4709.096863289013
IA,2018-01-01T00:00:00Z,Widget,3645.655127421739
IA,2018-01-01T00:00:00Z,,13698.404481548465
IA,2019-01-01T00:00:00Z,Doohickey,2499.4329701818024
IA,2019-01-01T00:00:00Z,Gadget,5813.056279571843
IA,2019-01-01T00:00:00Z,Gizmo,3893.9890530150724
IA,2019-01-01T00:00:00Z,Widget,5602.078756620659
IA,2019-01-01T00:00:00Z,,17808.55705938936
IA,2020-01-01T00:00:00Z,Doohickey,1230.7552917975268
IA,2020-01-01T00:00:00Z,Gadget,1400.4662696998398
IA,2020-01-01T00:00:00Z,Gizmo,1467.8789367030356
IA,2020-01-01T00:00:00Z,Widget,1507.0137708258553
IA,2020-01-01T00:00:00Z,,5606.1142690262595
IA,,Doohickey,7892.154071221693
IA,,Gadget,12353.6690896427
IA,,Gizmo,11983.200812504208
IA,,Widget,13069.165354405919
IA,,,45298.18932777451
ID,2016-01-01T00:00:00Z,Doohickey,155.5304199937891
ID,2016-01-01T00:00:00Z,Gadget,285.3447787260709
ID,2016-01-01T00:00:00Z,Gizmo,45.22324323588729
ID,2016-01-01T00:00:00Z,Widget,76.95334253952366
ID,2016-01-01T00:00:00Z,,563.051784495271
ID,2017-01-01T00:00:00Z,Doohickey,229.73974354857214
ID,2017-01-01T00:00:00Z,Gadget,326.03962719987777
ID,2017-01-01T00:00:00Z,Gizmo,697.3044028301007
ID,2017-01-01T00:00:00Z,Widget,782.4164007088408
ID,2017-01-01T00:00:00Z,,2035.5001742873912
ID,2018-01-01T00:00:00Z,Doohickey,482.70914669307797
ID,2018-01-01T00:00:00Z,Gadget,1725.204990953026
ID,2018-01-01T00:00:00Z,Gizmo,694.579808953021
ID,2018-01-01T00:00:00Z,Widget,2198.9548055554396
ID,2018-01-01T00:00:00Z,,5101.448752154565
ID,2019-01-01T00:00:00Z,Doohickey,1107.5640820357348
ID,2019-01-01T00:00:00Z,Gadget,1484.4082725790415
ID,2019-01-01T00:00:00Z,Gizmo,1137.3486889376904
ID,2019-01-01T00:00:00Z,Widget,2013.7481511286446
ID,2019-01-01T00:00:00Z,,5743.069194681111
ID,2020-01-01T00:00:00Z,Doohickey,872.6920168224437
ID,2020-01-01T00:00:00Z,Gadget,619.6329884982781
ID,2020-01-01T00:00:00Z,Gizmo,797.2384005328322
ID,2020-01-01T00:00:00Z,Widget,286.13664209396404
ID,2020-01-01T00:00:00Z,,2575.7000479475187
ID,,Doohickey,2848.235409093618
ID,,Gadget,4440.630657956295
ID,,Gizmo,3371.694544489532
ID,,Widget,5358.209342026414
ID,,,16018.769953565852
IL,2016-01-01T00:00:00Z,Doohickey,278.7270321965563
IL,2016-01-01T00:00:00Z,Gadget,166.00772432371215
IL,2016-01-01T00:00:00Z,Gizmo,304.5335246699836
IL,2016-01-01T00:00:00Z,Widget,383.4222313973869
IL,2016-01-01T00:00:00Z,,1132.690512587639
IL,2017-01-01T00:00:00Z,Doohickey,1217.2008740124938
IL,2017-01-01T00:00:00Z,Gadget,1921.6811085415418
IL,2017-01-01T00:00:00Z,Gizmo,1487.85968318835
IL,2017-01-01T00:00:00Z,Widget,1579.1126630432307
IL,2017-01-01T00:00:00Z,,6205.854328785616
IL,2018-01-01T00:00:00Z,Doohickey,3238.4599582860733
IL,2018-01-01T00:00:00Z,Gadget,3093.17334671796
IL,2018-01-01T00:00:00Z,Gizmo,4303.149832055904
IL,2018-01-01T00:00:00Z,Widget,3620.9798998205306
IL,2018-01-01T00:00:00Z,,14255.763036880466
IL,2019-01-01T00:00:00Z,Doohickey,2975.02758634747
IL,2019-01-01T00:00:00Z,Gadget,4728.248684285389
IL,2019-01-01T00:00:00Z,Gizmo,4853.44135895519
IL,2019-01-01T00:00:00Z,Widget,3915.2104685789955
IL,2019-01-01T00:00:00Z,,16471.928098167034
IL,2020-01-01T00:00:00Z,Doohickey,781.9154601852995
IL,2020-01-01T00:00:00Z,Gadget,810.8642528969635
IL,2020-01-01T00:00:00Z,Gizmo,1222.5342409543434
IL,2020-01-01T00:00:00Z,Widget,1469.1460668877319
IL,2020-01-01T00:00:00Z,,4284.46002092434
IL,,Doohickey,8491.330911027888
IL,,Gadget,10719.97511676556
IL,,Gizmo,12171.518639823767
IL,,Widget,10967.871329727874
IL,,,42350.69599734506
IN,2016-01-01T00:00:00Z,Doohickey,246.00326694318392
IN,2016-01-01T00:00:00Z,Gadget,270.60065873772544
IN,2016-01-01T00:00:00Z,Gizmo,371.96425658463835
IN,2016-01-01T00:00:00Z,Widget,245.25000101864555
IN,2016-01-01T00:00:00Z,,1133.8181832841933
IN,2017-01-01T00:00:00Z,Doohickey,1093.0600581091662
IN,2017-01-01T00:00:00Z,Gadget,1200.0380573730868
IN,2017-01-01T00:00:00Z,Gizmo,1157.3590509834526
IN,2017-01-01T00:00:00Z,Widget,1436.9463825978814
IN,2017-01-01T00:00:00Z,,4887.403549063585
IN,2018-01-01T00:00:00Z,Doohickey,2596.03392212909
IN,2018-01-01T00:00:00Z,Gadget,3316.8729190151253
IN,2018-01-01T00:00:00Z,Gizmo,2543.47812369281
IN,2018-01-01T00:00:00Z,Widget,4373.434993004188
IN,2018-01-01T00:00:00Z,,12829.81995784121
IN,2019-01-01T00:00:00Z,Doohickey,2632.9063533055355
IN,2019-01-01T00:00:00Z,Gadget,4036.140581770732
IN,2019-01-01T00:00:00Z,Gizmo,3480.383128115927
IN,2019-01-01T00:00:00Z,Widget,2743.616663826411
IN,2019-01-01T00:00:00Z,,12893.046727018605
IN,2020-01-01T00:00:00Z,Doohickey,529.6083111033022
IN,2020-01-01T00:00:00Z,Gadget,575.1626710367325
IN,2020-01-01T00:00:00Z,Gizmo,1249.9955449740976
IN,2020-01-01T00:00:00Z,Widget,975.5101913044193
IN,2020-01-01T00:00:00Z,,3330.276718418551
IN,,Doohickey,7097.611911590275
IN,,Gadget,9398.8148879334
IN,,Gizmo,8803.18010435093
IN,,Widget,9774.758231751548
IN,,,35074.36513562613
KS,2016-01-01T00:00:00Z,Doohickey,103.24519749564459
KS,2016-01-01T00:00:00Z,Gadget,127.46794499494888
KS,2016-01-01T00:00:00Z,Gizmo,94.28777642332552
KS,2016-01-01T00:00:00Z,Widget,116.786781892338
KS,2016-01-01T00:00:00Z,,441.787700806257
KS,2017-01-01T00:00:00Z,Doohickey,1038.1187449580352
KS,2017-01-01T00:00:00Z,Gadget,1239.1806781141245
KS,2017-01-01T00:00:00Z,Gizmo,1194.4419813486666
KS,2017-01-01T00:00:00Z,Widget,1200.1014481535894
KS,2017-01-01T00:00:00Z,,4671.842852574415
KS,2018-01-01T00:00:00Z,Doohickey,2194.8905751178254
KS,2018-01-01T00:00:00Z,Gadget,3349.2571702841037
KS,2018-01-01T00:00:00Z,Gizmo,2950.7599643276053
KS,2018-01-01T00:00:00Z,Widget,2842.4558472826516
KS,2018-01-01T00:00:00Z,,11337.36355701218
KS,2019-01-01T00:00:00Z,Doohickey,2536.396697550681
KS,2019-01-01T00:00:00Z,Gadget,2522.0525369189795
KS,2019-01-01T00:00:00Z,Gizmo,2254.6280981051914
KS,2019-01-01T00:00:00Z,Widget,5071.8501977614615
KS,2019-01-01T00:00:00Z,,12384.927530336312
KS,2020-01-01T00:00:00Z,Doohickey,412.97972479492773
KS,2020-01-01T00:00:00Z,Gadget,1295.9967851658664
KS,2020-01-01T00:00:00Z,Gizmo,484.65636261495246
KS,2020-01-01T00:00:00Z,Widget,970.662618034849
KS,2020-01-01T00:00:00Z,,3164.295490610596
KS,,Doohickey,6285.630939917115
KS,,Gadget,8533.955115478026
KS,,Gizmo,6978.774182819742
KS,,Widget,10201.85689312489
KS,,,32000.217131339723
KY,2016-01-01T00:00:00Z,Doohickey,146.8447651985275
KY,2016-01-01T00:00:00Z,Gadget,290.4058501414255
KY,2016-01-01T00:00:00Z,Gizmo,102.81459511831581
KY,2016-01-01T00:00:00Z,Widget,459.0818932814439
KY,2016-01-01T00:00:00Z,,999.1471037397126
KY,2017-01-01T00:00:00Z,Doohickey,959.5373759360147
KY,2017-01-01T00:00:00Z,Gadget,1021.9840769445241
KY,2017-01-01T00:00:00Z,Gizmo,1566.1534690558162
KY,2017-01-01T00:00:00Z,Widget,1182.3916828983067
KY,2017-01-01T00:00:00Z,,4730.066604834664
KY,2018-01-01T00:00:00Z,Doohickey,2499.2301326333636
KY,2018-01-01T00:00:00Z,Gadget,2365.944830284942
KY,2018-01-01T00:00:00Z,Gizmo,3360.7883950877717
KY,2018-01-01T00:00:00Z,Widget,4544.41749564587
KY,2018-01-01T00:00:00Z,,12770.380853651948
KY,2019-01-01T00:00:00Z,Doohickey,3124.554821811783
KY,2019-01-01T00:00:00Z,Gadget,4255.00033392012
KY,2019-01-01T00:00:00Z,Gizmo,3771.441297325554
KY,2019-01-01T00:00:00Z,Widget,2930.028513080506
KY,2019-01-01T00:00:00Z,,14081.024966137957
KY,2020-01-01T00:00:00Z,Doohickey,1386.5553732552535
KY,2020-01-01T00:00:00Z,Gadget,469.1105077698145
KY,2020-01-01T00:00:00Z,Gizmo,983.9749455561564
KY,2020-01-01T00:00:00Z,Widget,1687.6953447389365
KY,2020-01-01T00:00:00Z,,4527.33617132016
KY,,Doohickey,8116.722468834941
KY,,Gadget,8402.445599060826
KY,,Gizmo,9785.172702143616
KY,,Widget,10803.614929645066
KY,,,37107.95569968442
LA,2016-01-01T00:00:00Z,Doohickey,88.8630282828882
LA,2016-01-01T00:00:00Z,Gadget,173.8534951605723
LA,2016-01-01T00:00:00Z,Gizmo,265.3637139255291
LA,2016-01-01T00:00:00Z,Widget,413.65258515781994
LA,2016-01-01T00:00:00Z,,941.7328225268094
LA,2017-01-01T00:00:00Z,Doohickey,539.4619663837921
LA,2017-01-01T00:00:00Z,Gadget,849.6600540204763
LA,2017-01-01T00:00:00Z,Gizmo,1226.3469033059257
LA,2017-01-01T00:00:00Z,Widget,838.7722994558452
LA,2017-01-01T00:00:00Z,,3454.24122316604
LA,2018-01-01T00:00:00Z,Doohickey,801.4402172493751
LA,2018-01-01T00:00:00Z,Gadget,1564.6486074242453
LA,2018-01-01T00:00:00Z,Gizmo,1481.614637110431
LA,2018-01-01T00:00:00Z,Widget,1444.305481266069
LA,2018-01-01T00:00:00Z,,5292.008943050122
LA,2019-01-01T00:00:00Z,Doohickey,1432.8261619705147
LA,2019-01-01T00:00:00Z,Gadget,1651.0831873981267
LA,2019-01-01T00:00:00Z,Gizmo,1100.7338922420674
LA,2019-01-01T00:00:00Z,Widget,1721.4822543457979
LA,2019-01-01T00:00:00Z,,5906.125495956505
LA,2020-01-01T00:00:00Z,Doohickey,207.24211581353515
LA,2020-01-01T00:00:00Z,Gadget,995.727847086978
LA,2020-01-01T00:00:00Z,Gizmo,830.9961138269066
LA,2020-01-01T00:00:00Z,Widget,973.0422264126108
LA,2020-01-01T00:00:00Z,,3007.00830314003
LA,,Doohickey,3069.8334897001055
LA,,Gadget,5234.973191090399
LA,,Gizmo,4905.05526041086
LA,,Widget,5391.254846638142
LA,,,18601.1167878395
MA,2016-01-01T00:00:00Z,Doohickey,91.30929373111613
MA,2016-01-01T00:00:00Z,Gadget,35.149014295079674
MA,2016-01-01T00:00:00Z,Gizmo,36.683234169385244
MA,2016-01-01T00:00:00Z,Widget,42.33927237126308
MA,2016-01-01T00:00:00Z,,205.48081456684412
MA,2017-01-01T00:00:00Z,Doohickey,60.685344722547626
MA,2017-01-01T00:00:00Z,Gadget,225.6188199018858
MA,2017-01-01T00:00:00Z,Gizmo,210.7303257752721
MA,2017-01-01T00:00:00Z,Widget,209.2146648217037
MA,2017-01-01T00:00:00Z,,706.2491552214093
MA,2018-01-01T00:00:00Z,Doohickey,36.37128575934436
MA,2018-01-01T00:00:00Z,Gadget,919.7601969230661
MA,2018-01-01T00:00:00Z,Gizmo,983.3238424968499
MA,2018-01-01T00:00:00Z,Widget,420.7014698029044
MA,2018-01-01T00:00:00Z,,2360.1567949821647
MA,2019-01-01T00:00:00Z,Doohickey,729.8240208643939
MA,2019-01-01T00:00:00Z,Gadget,652.7399050289929
MA,2019-01-01T00:00:00Z,Gizmo,368.20311004342136
MA,2019-01-01T00:00:00Z,Widget,948.450560286626
MA,2019-01-01T00:00:00Z,,2699.2175962234346
MA,2020-01-01T00:00:00Z,Doohickey,209.67470464358513
MA,2020-01-01T00:00:00Z,Gadget,367.95831894381183
MA,2020-01-01T00:00:00Z,Gizmo,321.7341671183929
MA,2020-01-01T00:00:00Z,Widget,187.3986927943367
MA,2020-01-01T00:00:00Z,,1086.7658835001266
MA,,Doohickey,1127.8646497209872
MA,,Gadget,2201.2262550928363
MA,,Gizmo,1920.674679603322
MA,,Widget,1808.1046600768343
MA,,,7057.870244493981
MD,2016-01-01T00:00:00Z,Gadget,63.84752383956291
MD,2016-01-01T00:00:00Z,Gizmo,75.0861692740371
MD,2016-01-01T00:00:00Z,Widget,84.03151414144409
MD,2016-01-01T00:00:00Z,,222.9652072550441
MD,2017-01-01T00:00:00Z,Doohickey,297.2118728552548
MD,2017-01-01T00:00:00Z,Gadget,393.44057926168216
MD,2017-01-01T00:00:00Z,Gizmo,139.14575328681167
MD,2017-01-01T00:00:00Z,Widget,422.41223345943473
MD,2017-01-01T00:00:00Z,,1252.2104388631835
MD,2018-01-01T00:00:00Z,Doohickey,527.9158794394383
MD,2018-01-01T00:00:00Z,Gadget,726.3614953070966
MD,2018-01-01T00:00:00Z,Gizmo,371.69498674074
MD,2018-01-01T00:00:00Z,Widget,542.9106565911994
MD,2018-01-01T00:00:00Z,,2168.8830180784744
MD,2019-01-01T00:00:00Z,Doohickey,514.5461997291177
MD,2019-01-01T00:00:00Z,Gadget,356.6343364653536
MD,2019-01-01T00:00:00Z,Gizmo,413.39895842102624
MD,2019-01-01T00:00:00Z,Widget,1144.9511698666424
MD,2019-01-01T00:00:00Z,,2429.53066448214
MD,2020-01-01T00:00:00Z,Gadget,232.95762743048476
MD,2020-01-01T00:00:00Z,Gizmo,346.2144856567325
MD,2020-01-01T00:00:00Z,Widget,136.16126271106958
MD,2020-01-01T00:00:00Z,,715.3333757982869
MD,,Doohickey,1339.6739520238111
MD,,Gadget,1773.2415623041804
MD,,Gizmo,1345.5403533793472
MD,,Widget,2330.4668367697896
MD,,,6788.9227044771305
ME,2016-01-01T00:00:00Z,Gadget,56.326269136507406
ME,2016-01-01T00:00:00Z,Widget,120.01894963551527
ME,2016-01-01T00:00:00Z,,176.3452187720227
ME,2017-01-01T00:00:00Z,Doohickey,259.9799382635966
ME,2017-01-01T00:00:00Z,Gadget,192.30171356291612
ME,2017-01-01T00:00:00Z,Gizmo,139.30610882465047
ME,2017-01-01T00:00:00Z,Widget,241.98286918357425
ME,2017-01-01T00:00:00Z,,833.5706298347372
ME,2018-01-01T00:00:00Z,Doohickey,782.9083729063179
ME,2018-01-01T00:00:00Z,Gadget,638.171580060821
ME,2018-01-01T00:00:00Z,Gizmo,777.5188370627136
ME,2018-01-01T00:00:00Z,Widget,536.6231137955159
ME,2018-01-01T00:00:00Z,,2735.2219038253693
ME,2019-01-01T00:00:00Z,Doohickey,399.2105237449097
ME,2019-01-01T00:00:00Z,Gadget,74.39154725087396
ME,2019-01-01T00:00:00Z,Gizmo,542.0594533973846
ME,2019-01-01T00:00:00Z,Widget,599.1862444615468
ME,2019-01-01T00:00:00Z,,1614.8477688547155
ME,2020-01-01T00:00:00Z,Gadget,220.96881186258503
ME,2020-01-01T00:00:00Z,Gizmo,168.16922247451902
ME,2020-01-01T00:00:00Z,Widget,70.14610686710009
ME,2020-01-01T00:00:00Z,,459.2841412042041
ME,,Doohickey,1442.098834914824
ME,,Gadget,1182.1599218737035
ME,,Gizmo,1627.0536217592673
ME,,Widget,1567.9572839432526
ME,,,5819.269662491049
MI,2016-01-01T00:00:00Z,Doohickey,252.91874742616602
MI,2016-01-01T00:00:00Z,Gadget,454.5808716658004
MI,2016-01-01T00:00:00Z,Gizmo,82.099708707746
MI,2016-01-01T00:00:00Z,Widget,765.5370611182844
MI,2016-01-01T00:00:00Z,,1555.1363889179968
MI,2017-01-01T00:00:00Z,Doohickey,890.809028412869
MI,2017-01-01T00:00:00Z,Gadget,944.9464668132882
MI,2017-01-01T00:00:00Z,Gizmo,1295.321532825125
MI,2017-01-01T00:00:00Z,Widget,1377.4962971635287
MI,2017-01-01T00:00:00Z,,4508.573325214812
MI,2018-01-01T00:00:00Z,Doohickey,3860.555933016977
MI,2018-01-01T00:00:00Z,Gadget,5060.997257221135
MI,2018-01-01T00:00:00Z,Gizmo,4288.094635373003
MI,2018-01-01T00:00:00Z,Widget,4457.949849499648
MI,2018-01-01T00:00:00Z,,17667.59767511077
MI,2019-01-01T00:00:00Z,Doohickey,3287.084010686681
MI,2019-01-01T00:00:00Z,Gadget,5018.860007436663
MI,2019-01-01T00:00:00Z,Gizmo,4306.887185672407
MI,2019-01-01T00:00:00Z,Widget,4527.207641559583
MI,2019-01-01T00:00:00Z,,17140.038845355317
MI,2020-01-01T00:00:00Z,Doohickey,1437.1707642651224
MI,2020-01-01T00:00:00Z,Gadget,1676.568072215015
MI,2020-01-01T00:00:00Z,Gizmo,2546.0403388007535
MI,2020-01-01T00:00:00Z,Widget,1110.022502518976
MI,2020-01-01T00:00:00Z,,6769.8016777998655
MI,,Doohickey,9728.538483807815
MI,,Gadget,13155.952675351897
MI,,Gizmo,12518.443401379029
MI,,Widget,12238.213351860022
MI,,,47641.14791239875
MN,2016-01-01T00:00:00Z,Doohickey,300.8036655371184
MN,2016-01-01T00:00:00Z,Gadget,284.72797910998383
MN,2016-01-01T00:00:00Z,Gizmo,447.30279233641585
MN,2016-01-01T00:00:00Z,Widget,167.60838660755292
MN,2016-01-01T00:00:00Z,,1200.442823591071
MN,2017-01-01T00:00:00Z,Doohickey,1344.1266773877014
MN,2017-01-01T00:00:00Z,Gadget,1454.8028923758227
MN,2017-01-01T00:00:00Z,Gizmo,2067.4122474494447
MN,2017-01-01T00:00:00Z,Widget,2305.140247763429
MN,2017-01-01T00:00:00Z,,7171.482064976399
MN,2018-01-01T00:00:00Z,Doohickey,4409.470810456788
MN,2018-01-01T00:00:00Z,Gadget,6486.781853337377
MN,2018-01-01T00:00:00Z,Gizmo,5845.178139505667
MN,2018-01-01T00:00:00Z,Widget,3777.8113805101584
MN,2018-01-01T00:00:00Z,,20519.242183809984
MN,2019-01-01T00:00:00Z,Doohickey,4703.629994234704
MN,2019-01-01T00:00:00Z,Gadget,7306.311134820685
MN,2019-01-01T00:00:00Z,Gizmo,7096.866272746336
MN,2019-01-01T00:00:00Z,Widget,6834.641317100621
MN,2019-01-01T00:00:00Z,,25941.448718902306
MN,2020-01-01T00:00:00Z,Doohickey,2234.195348968387
MN,2020-01-01T00:00:00Z,Gadget,2093.433204695711
MN,2020-01-01T00:00:00Z,Gizmo,1044.0465198988459
MN,2020-01-01T00:00:00Z,Widget,1885.9929548589205
MN,2020-01-01T00:00:00Z,,7257.668028421861
MN,,Doohickey,12992.226496584704
MN,,Gadget,17626.057064339566
MN,,Gizmo,16500.805971936694
MN,,Widget,14971.194286840693
MN,,,62090.28381970164
MO,2016-01-01T00:00:00Z,Doohickey,324.60305495879646
MO,2016-01-01T00:00:00Z,Gadget,289.38260625911965
MO,2016-01-01T00:00:00Z,Gizmo,211.87367945870668
MO,2016-01-01T00:00:00Z,Widget,371.2844593376768
MO,2016-01-01T00:00:00Z,,1197.1438000142998
MO,2017-01-01T00:00:00Z,Doohickey,1156.1393297420557
MO,2017-01-01T00:00:00Z,Gadget,2194.0605658733552
MO,2017-01-01T00:00:00Z,Gizmo,1585.2981367977113
MO,2017-01-01T00:00:00Z,Widget,2128.13727557583
MO,2017-01-01T00:00:00Z,,7063.635307988956
MO,2018-01-01T00:00:00Z,Doohickey,3103.757431741221
MO,2018-01-01T00:00:00Z,Gadget,3137.416616499982
MO,2018-01-01T00:00:00Z,Gizmo,5051.478667739125
MO,2018-01-01T00:00:00Z,Widget,3354.9116665379515
MO,2018-01-01T00:00:00Z,,14647.56438251828
MO,2019-01-01T00:00:00Z,Doohickey,3658.82362314288
MO,2019-01-01T00:00:00Z,Gadget,3907.205424925245
MO,2019-01-01T00:00:00Z,Gizmo,4232.111303481876
MO,2019-01-01T00:00:00Z,Widget,4309.971456668572
MO,2019-01-01T00:00:00Z,,16108.111808218577
MO,2020-01-01T00:00:00Z,Doohickey,1049.1026380188046
MO,2020-01-01T00:00:00Z,Gadget,1555.641289404769
MO,2020-01-01T00:00:00Z,Gizmo,1346.0005763718389
MO,2020-01-01T00:00:00Z,Widget,1583.958938944928
MO,2020-01-01T00:00:00Z,,5534.7034427403405
MO,,Doohickey,9292.426077603763
MO,,Gadget,11083.706502962468
MO,,Gizmo,12426.762363849264
MO,,Widget,11748.263797064961
MO,,,44551.158741480336
MS,2016-01-01T00:00:00Z,Doohickey,25.536330427467956
MS,2016-01-01T00:00:00Z,Gadget,169.8164936471547
MS,2016-01-01T00:00:00Z,Gizmo,158.3477871845704
MS,2016-01-01T00:00:00Z,Widget,166.9919749374461
MS,2016-01-01T00:00:00Z,,520.6925861966391
MS,2017-01-01T00:00:00Z,Doohickey,800.2232845338481
MS,2017-01-01T00:00:00Z,Gadget,658.2809159786169
MS,2017-01-01T00:00:00Z,Gizmo,580.4547785693453
MS,2017-01-01T00:00:00Z,Widget,974.0808967082187
MS,2017-01-01T00:00:00Z,,3013.0398757900293
MS,2018-01-01T00:00:00Z,Doohickey,2284.101049936236
MS,2018-01-01T00:00:00Z,Gadget,2006.9040986776859
MS,2018-01-01T00:00:00Z,Gizmo,3506.247482432607
MS,2018-01-01T00:00:00Z,Widget,2836.1804391834175
MS,2018-01-01T00:00:00Z,,10633.433070229934
MS,2019-01-01T00:00:00Z,Doohickey,2127.860866690404
MS,2019-01-01T00:00:00Z,Gadget,2975.6247403061284
MS,2019-01-01T00:00:00Z,Gizmo,2211.9827402807973
MS,2019-01-01T00:00:00Z,Widget,3786.6231817676908
MS,2019-01-01T00:00:00Z,,11102.091529045023
MS,2020-01-01T00:00:00Z,Doohickey,570.3811221826983
MS,2020-01-01T00:00:00Z,Gadget,620.5514862798137
MS,2020-01-01T00:00:00Z,Gizmo,629.8272132416195
MS,2020-01-01T00:00:00Z,Widget,1142.211757995978
MS,2020-01-01T00:00:00Z,,2962.971579700109
MS,,Doohickey,5808.102653770652
MS,,Gadget,6431.177734889402
MS,,Gizmo,7086.860001708938
MS,,Widget,8906.08825059275
MS,,,28232.228640961734
MT,2016-01-01T00:00:00Z,Doohickey,347.85260515120876
MT,2016-01-01T00:00:00Z,Gadget,687.2239882674464
MT,2016-01-01T00:00:00Z,Gizmo,554.3968221518207
MT,2016-01-01T00:00:00Z,Widget,522.5611519886963
MT,2016-01-01T00:00:00Z,,2112.0345675591725
MT,2017-01-01T00:00:00Z,Doohickey,2087.8030300767778
MT,2017-01-01T00:00:00Z,Gadget,2730.065084714953
MT,2017-01-01T00:00:00Z,Gizmo,2207.2131329076956
MT,2017-01-01T00:00:00Z,Widget,2051.812091681741
MT,2017-01-01T00:00:00Z,,9076.893339381171
MT,2018-01-01T00:00:00Z,Doohickey,3737.7589896676504
MT,2018-01-01T00:00:00Z,Gadget,6827.8735417755815
MT,2018-01-01T00:00:00Z,Gizmo,5980.706799697855
MT,2018-01-01T00:00:00Z,Widget,5907.49113580651
MT,2018-01-01T00:00:00Z,,22453.830466947566
MT,2019-01-01T00:00:00Z,Doohickey,4651.53519776534
MT,2019-01-01T00:00:00Z,Gadget,6881.84188476981
MT,2019-01-01T00:00:00Z,Gizmo,6344.4560396808665
MT,2019-01-01T00:00:00Z,Widget,7883.038054916278
MT,2019-01-01T00:00:00Z,,25760.871177132303
MT,2020-01-01T00:00:00Z,Doohickey,1353.7154027308832
MT,2020-01-01T00:00:00Z,Gadget,1549.9499532714651
MT,2020-01-01T00:00:00Z,Gizmo,1726.4408236226636
MT,2020-01-01T00:00:00Z,Widget,2038.78166330944
MT,2020-01-01T00:00:00Z,,6668.887842934451
MT,,Doohickey,12178.66522539187
MT,,Gadget,18676.954452799233
MT,,Gizmo,16813.213618060894
MT,,Widget,18403.684097702662
MT,,,66072.51739395468
NC,2016-01-01T00:00:00Z,Doohickey,146.83399100033026
NC,2016-01-01T00:00:00Z,Gadget,295.80283231522196
NC,2016-01-01T00:00:00Z,Gizmo,66.14649530006511
NC,2016-01-01T00:00:00Z,Widget,405.2623053103619
NC,2016-01-01T00:00:00Z,,914.0456239259794
NC,2017-01-01T00:00:00Z,Doohickey,1023.6817724955321
NC,2017-01-01T00:00:00Z,Gadget,1458.766056072373
NC,2017-01-01T00:00:00Z,Gizmo,798.3094881464586
NC,2017-01-01T00:00:00Z,Widget,1726.391788303888
NC,2017-01-01T00:00:00Z,,5007.14910501825
NC,2018-01-01T00:00:00Z,Doohickey,2183.865596216518
NC,2018-01-01T00:00:00Z,Gadget,5120.376870724963
NC,2018-01-01T00:00:00Z,Gizmo,3525.3541374417246
NC,2018-01-01T00:00:00Z,Widget,5694.426055356338
NC,2018-01-01T00:00:00Z,,16524.022659739538
NC,2019-01-01T00:00:00Z,Doohickey,3484.1173214748487
NC,2019-01-01T00:00:00Z,Gadget,4494.114869646549
NC,2019-01-01T00:00:00Z,Gizmo,4502.227896271809
NC,2019-01-01T00:00:00Z,Widget,4271.6897890464925
NC,2019-01-01T00:00:00Z,,16752.149876439686
NC,2020-01-01T00:00:00Z,Doohickey,1635.7189962149703
NC,2020-01-01T00:00:00Z,Gadget,888.7003547647539
NC,2020-01-01T00:00:00Z,Gizmo,1493.8206491264402
NC,2020-01-01T00:00:00Z,Widget,1449.6826307092333
NC,2020-01-01T00:00:00Z,,5467.922630815401
NC,,Doohickey,8474.2176774022
NC,,Gadget,12257.760983523853
NC,,Gizmo,10385.858666286496
NC,,Widget,13547.452568726312
NC,,,44665.289895938804
ND,2016-01-01T00:00:00Z,Doohickey,491.99389054216635
ND,2016-01-01T00:00:00Z,Gadget,426.3483899292497
ND,2016-01-01T00:00:00Z,Gizmo,496.1068304888082
ND,2016-01-01T00:00:00Z,Widget,380.68638117446136
ND,2016-01-01T00:00:00Z,,1795.1354921346856
ND,2017-01-01T00:00:00Z,Doohickey,1185.9545540060278
ND,2017-01-01T00:00:00Z,Gadget,1882.0935943105835
ND,2017-01-01T00:00:00Z,Gizmo,1166.9278698606074
ND,2017-01-01T00:00:00Z,Widget,1153.5406403716504
ND,2017-01-01T00:00:00Z,,5388.5166585488705
ND,2018-01-01T00:00:00Z,Doohickey,3485.650673491039
ND,2018-01-01T00:00:00Z,Gadget,3184.5177665614615
ND,2018-01-01T00:00:00Z,Gizmo,3686.2225299441448
ND,2018-01-01T00:00:00Z,Widget,4746.457865091671
ND,2018-01-01T00:00:00Z,,15102.848835088314
ND,2019-01-01T00:00:00Z,Doohickey,3639.1512293150085
ND,2019-01-01T00:00:00Z,Gadget,5761.585511596468
ND,2019-01-01T00:00:00Z,Gizmo,3751.3249528392284
ND,2019-01-01T00:00:00Z,Widget,4981.161787027447
ND,2019-01-01T00:00:00Z,,18133.22348077814
ND,2020-01-01T00:00:00Z,Doohickey,1127.3762059685218
ND,2020-01-01T00:00:00Z,Gadget,1509.8542735187127
ND,2020-01-01T00:00:00Z,Gizmo,785.8540199917109
ND,2020-01-01T00:00:00Z,Widget,1676.498889383018
ND,2020-01-01T00:00:00Z,,5099.583388861964
ND,,Doohickey,9930.126553322767
ND,,Gadget,12764.399535916473
ND,,Gizmo,9886.436203124495
ND,,Widget,12938.345563048248
ND,,,45519.30785541194
NE,2016-01-01T00:00:00Z,Doohickey,355.78354589092737
NE,2016-01-01T00:00:00Z,Gadget,356.45590855018474
NE,2016-01-01T00:00:00Z,Gizmo,393.25922031150424
NE,2016-01-01T00:00:00Z,Widget,497.29352847265886
NE,2016-01-01T00:00:00Z,,1602.7922032252752
NE,2017-01-01T00:00:00Z,Doohickey,1176.9368437259113
NE,2017-01-01T00:00:00Z,Gadget,1222.6925261866795
NE,2017-01-01T00:00:00Z,Gizmo,1660.830184124849
NE,2017-01-01T00:00:00Z,Widget,1916.6164144965107
NE,2017-01-01T00:00:00Z,,5977.075968533948
NE,2018-01-01T00:00:00Z,Doohickey,2869.2070662320343
NE,2018-01-01T00:00:00Z,Gadget,3575.799698268132
NE,2018-01-01T00:00:00Z,Gizmo,3933.0246152635245
NE,2018-01-01T00:00:00Z,Widget,4537.488042152908
NE,2018-01-01T00:00:00Z,,14915.519421916595
NE,2019-01-01T00:00:00Z,Doohickey,2561.9506847127755
NE,2019-01-01T00:00:00Z,Gadget,3712.913523216532
NE,2019-01-01T00:00:00Z,Gizmo,4054.3647184868864
NE,2019-01-01T00:00:00Z,Widget,3593.5918495462515
NE,2019-01-01T00:00:00Z,,13922.82077596245
NE,2020-01-01T00:00:00Z,Doohickey,1247.623255364613
NE,2020-01-01T00:00:00Z,Gadget,1101.9042412413216
NE,2020-01-01T00:00:00Z,Gizmo,709.9145040910441
NE,2020-01-01T00:00:00Z,Widget,1190.224412014038
NE,2020-01-01T00:00:00Z,,4249.666412711015
NE,,Doohickey,8211.501395926263
NE,,Gadget,9969.76589746285
NE,,Gizmo,10751.393242277809
NE,,Widget,11735.214246682368
NE,,,40667.87478234924
NH,2017-01-01T00:00:00Z,Gadget,165.86822290983847
NH,2017-01-01T00:00:00Z,Gizmo,66.44160029487797
NH,2017-01-01T00:00:00Z,,232.30982320471642
NH,2018-01-01T00:00:00Z,Doohickey,52.723521442619514
NH,2018-01-01T00:00:00Z,Gadget,175.8501468064661
NH,2018-01-01T00:00:00Z,Widget,194.17198301970728
NH,2018-01-01T00:00:00Z,,422.7456512687929
NH,2019-01-01T00:00:00Z,Doohickey,169.09204990027263
NH,2019-01-01T00:00:00Z,Gadget,327.9791300378471
NH,2019-01-01T00:00:00Z,Gizmo,215.08872211117864
NH,2019-01-01T00:00:00Z,Widget,720.010920609814
NH,2019-01-01T00:00:00Z,,1432.1708226591124
NH,2020-01-01T00:00:00Z,Doohickey,198.6213628714504
NH,2020-01-01T00:00:00Z,Gadget,143.4221774571866
NH,2020-01-01T00:00:00Z,Widget,212.71293761868418
NH,2020-01-01T00:00:00Z,,554.7564779473212
NH,,Doohickey,420.43693421434256
NH,,Gadget,813.1196772113382
NH,,Gizmo,281.5303224060566
NH,,Widget,1126.8958412482054
NH,,,2641.982775079943
NJ,2016-01-01T00:00:00Z,Doohickey,78.6996782532274
NJ,2016-01-01T00:00:00Z,Gizmo,75.0861692740371
NJ,2016-01-01T00:00:00Z,,153.7858475272645
NJ,2017-01-01T00:00:00Z,Doohickey,233.1736766907681
NJ,2017-01-01T00:00:00Z,Gadget,168.4920391224116
NJ,2017-01-01T00:00:00Z,Gizmo,150.188676469621
NJ,2017-01-01T00:00:00Z,Widget,418.772415581217
NJ,2017-01-01T00:00:00Z,,970.6268078640177
NJ,2018-01-01T00:00:00Z,Doohickey,475.96613680434734
NJ,2018-01-01T00:00:00Z,Gadget,292.3338092163383
NJ,2018-01-01T00:00:00Z,Gizmo,236.95797255944763
NJ,2018-01-01T00:00:00Z,Widget,803.7338519730331
NJ,2018-01-01T00:00:00Z,,1808.9917705531666
NJ,2019-01-01T00:00:00Z,Doohickey,406.70741291179894
NJ,2019-01-01T00:00:00Z,Gadget,674.6450820913262
NJ,2019-01-01T00:00:00Z,Gizmo,510.22261064614327
NJ,2019-01-01T00:00:00Z,Widget,791.1230316437848
NJ,2019-01-01T00:00:00Z,,2382.698137293053
NJ,2020-01-01T00:00:00Z,Doohickey,209.9412927819801
NJ,2020-01-01T00:00:00Z,Gadget,127.14989459798886
NJ,2020-01-01T00:00:00Z,Gizmo,65.09432810381134
NJ,2020-01-01T00:00:00Z,Widget,167.6404530183255
NJ,2020-01-01T00:00:00Z,,569.8259685021058
NJ,,Doohickey,1404.488197442122
NJ,,Gadget,1262.620825028065
NJ,,Gizmo,1037.5497570530601
NJ,,Widget,2181.2697522163608
NJ,,,5885.928531739609
NM,2016-01-01T00:00:00Z,Gadget,197.7497480847149
NM,2016-01-01T00:00:00Z,Widget,142.34463512670547
NM,2016-01-01T00:00:00Z,,340.09438321142034
NM,2017-01-01T00:00:00Z,Doohickey,642.095044243829
NM,2017-01-01T00:00:00Z,Gadget,430.8031595442122
NM,2017-01-01T00:00:00Z,Gizmo,410.04394573135465
NM,2017-01-01T00:00:00Z,Widget,432.86678830186924
NM,2017-01-01T00:00:00Z,,1915.808937821265
NM,2018-01-01T00:00:00Z,Doohickey,715.3384184855067
NM,2018-01-01T00:00:00Z,Gadget,1474.7266758778885
NM,2018-01-01T00:00:00Z,Gizmo,983.213492218321
NM,2018-01-01T00:00:00Z,Widget,704.851485707294
NM,2018-01-01T00:00:00Z,,3878.1300722890105
NM,2019-01-01T00:00:00Z,Doohickey,790.7168586169939
NM,2019-01-01T00:00:00Z,Gadget,1474.841739126048
NM,2019-01-01T00:00:00Z,Gizmo,991.6272602085386
NM,2019-01-01T00:00:00Z,Widget,1342.1858686873095
NM,2019-01-01T00:00:00Z,,4599.3717266388885
NM,2020-01-01T00:00:00Z,Doohickey,145.5219407030458
NM,2020-01-01T00:00:00Z,Gadget,365.7600539171231
NM,2020-01-01T00:00:00Z,Gizmo,38.30449564120193
NM,2020-01-01T00:00:00Z,Widget,568.6154046933153
NM,2020-01-01T00:00:00Z,,1118.2018949546862
NM,,Doohickey,2293.672262049375
NM,,Gadget,3943.881376549986
NM,,Gizmo,2423.189193799416
NM,,Widget,3190.8641825164927
NM,,,11851.607014915273
NV,2016-01-01T00:00:00Z,Gadget,114.68155233487808
NV,2016-01-01T00:00:00Z,Gizmo,45.22324323588729
NV,2016-01-01T00:00:00Z,Widget,55.668009001928525
NV,2016-01-01T00:00:00Z,,215.57280457269388
NV,2017-01-01T00:00:00Z,Doohickey,161.77967467304268
NV,2017-01-01T00:00:00Z,Gadget,199.26481483313538
NV,2017-01-01T00:00:00Z,Gizmo,54.1729869884517
NV,2017-01-01T00:00:00Z,Widget,38.616539622351056
NV,2017-01-01T00:00:00Z,,453.8340161169808
NV,2018-01-01T00:00:00Z,Doohickey,137.1427306811415
NV,2018-01-01T00:00:00Z,Gadget,290.09352339456166
NV,2018-01-01T00:00:00Z,Gizmo,152.88607744403652
NV,2018-01-01T00:00:00Z,Widget,47.04215255778118
NV,2018-01-01T00:00:00Z,,627.1644840775209
NV,2019-01-01T00:00:00Z,Doohickey,260.5308955531567
NV,2019-01-01T00:00:00Z,Gadget,420.29500442794557
NV,2019-01-01T00:00:00Z,Gizmo,445.144978088293
NV,2019-01-01T00:00:00Z,Widget,159.61741944123287
NV,2019-01-01T00:00:00Z,,1285.5882975106283
NV,2020-01-01T00:00:00Z,Gadget,233.97950824475643
NV,2020-01-01T00:00:00Z,Gizmo,37.32649625046575
NV,2020-01-01T00:00:00Z,Widget,33.56789820016516
NV,2020-01-01T00:00:00Z,,304.8739026953873
NV,,Doohickey,559.4533009073409
NV,,Gadget,1258.314403235277
NV,,Gizmo,734.7537820071344
NV,,Widget,334.5120188234588
NV,,,2887.0335049732125
NY,2016-01-01T00:00:00Z,Doohickey,101.9515620657842
NY,2016-01-01T00:00:00Z,Gadget,173.8825082879738
NY,2016-01-01T00:00:00Z,Gizmo,371.39098924659993
NY,2016-01-01T00:00:00Z,Widget,212.54095332147347
NY,2016-01-01T00:00:00Z,,859.7660129218311
NY,2017-01-01T00:00:00Z,Doohickey,1399.3436781300925
NY,2017-01-01T00:00:00Z,Gadget,1132.588714059842
NY,2017-01-01T00:00:00Z,Gizmo,1344.0794026364927
NY,2017-01-01T00:00:00Z,Widget,1601.8275884656055
NY,2017-01-01T00:00:00Z,,5477.83938329203
NY,2018-01-01T00:00:00Z,Doohickey,3203.9118971134926
NY,2018-01-01T00:00:00Z,Gadget,5035.292589931429
NY,2018-01-01T00:00:00Z,Gizmo,4291.648813568364
NY,2018-01-01T00:00:00Z,Widget,5578.272710413975
NY,2018-01-01T00:00:00Z,,18109.126011027263
NY,2019-01-01T00:00:00Z,Doohickey,4286.129525019588
NY,2019-01-01T00:00:00Z,Gadget,5350.895954511986
NY,2019-01-01T00:00:00Z,Gizmo,4585.151008029222
NY,2019-01-01T00:00:00Z,Widget,5221.4616910013965
NY,2019-01-01T00:00:00Z,,19443.638178562178
NY,2020-01-01T00:00:00Z,Doohickey,1422.683381957708
NY,2020-01-01T00:00:00Z,Gadget,1927.1148682532541
NY,2020-01-01T00:00:00Z,Gizmo,1119.7729011409428
NY,2020-01-01T00:00:00Z,Widget,1509.2887025463078
NY,2020-01-01T00:00:00Z,,5978.859853898212
NY,,Doohickey,10414.020044286668
NY,,Gadget,13619.774635044485
NY,,Gizmo,11712.043114621618
NY,,Widget,14123.391645748778
NY,,,49869.229439701456
OH,2016-01-01T00:00:00Z,Doohickey,237.15957605533032
OH,2016-01-01T00:00:00Z,Gadget,207.76240135051737
OH,2016-01-01T00:00:00Z,Gizmo,209.44193427495338
OH,2016-01-01T00:00:00Z,Widget,382.0148534810332
OH,2016-01-01T00:00:00Z,,1036.3787651618338
OH,2017-01-01T00:00:00Z,Doohickey,1019.1899149936262
OH,2017-01-01T00:00:00Z,Gadget,823.7700725963218
OH,2017-01-01T00:00:00Z,Gizmo,986.7661552234489
OH,2017-01-01T00:00:00Z,Widget,1773.7974183250237
OH,2017-01-01T00:00:00Z,,4603.523561138422
OH,2018-01-01T00:00:00Z,Doohickey,2555.4502560114543
OH,2018-01-01T00:00:00Z,Gadget,3181.0144399726823
OH,2018-01-01T00:00:00Z,Gizmo,2656.7992747485737
OH,2018-01-01T00:00:00Z,Widget,3519.870252471686
OH,2018-01-01T00:00:00Z,,11913.1342232044
OH,2019-01-01T00:00:00Z,Doohickey,2252.6302111976775
OH,2019-01-01T00:00:00Z,Gadget,3911.784775186623
OH,2019-01-01T00:00:00Z,Gizmo,3643.0840462262263
OH,2019-01-01T00:00:00Z,Widget,3809.5030212784436
OH,2019-01-01T00:00:00Z,,13617.002053888964
OH,2020-01-01T00:00:00Z,Doohickey,835.1790479705699
OH,2020-01-01T00:00:00Z,Gadget,1278.5043429770863
OH,2020-01-01T00:00:00Z,Gizmo,1132.9002762497903
OH,2020-01-01T00:00:00Z,Widget,1181.388010842727
OH,2020-01-01T00:00:00Z,,4427.971678040173
OH,,Doohickey,6899.60900622866
OH,,Gadget,9402.83603208323
OH,,Gizmo,8628.991686722991
OH,,Widget,10666.573556398916
OH,,,35598.010281433744
OK,2016-01-01T00:00:00Z,Doohickey,65.41709177602249
OK,2016-01-01T00:00:00Z,Gadget,38.418408731319154
OK,2016-01-01T00:00:00Z,Gizmo,171.49361779117993
OK,2016-01-01T00:00:00Z,Widget,171.54205338285857
OK,2016-01-01T00:00:00Z,,446.8711716813801
OK,2017-01-01T00:00:00Z,Doohickey,526.3219230087182
OK,2017-01-01T00:00:00Z,Gadget,812.0372020617583
OK,2017-01-01T00:00:00Z,Gizmo,624.3214047168998
OK,2017-01-01T00:00:00Z,Widget,712.0256662777548
OK,2017-01-01T00:00:00Z,,2674.7061960651313
OK,2018-01-01T00:00:00Z,Doohickey,1589.117852143673
OK,2018-01-01T00:00:00Z,Gadget,1834.806174367005
OK,2018-01-01T00:00:00Z,Gizmo,1682.337763517158
OK,2018-01-01T00:00:00Z,Widget,2177.290533781136
OK,2018-01-01T00:00:00Z,,7283.552323808973
OK,2019-01-01T00:00:00Z,Doohickey,1613.9414001927391
OK,2019-01-01T00:00:00Z,Gadget,1809.2356463064602
OK,2019-01-01T00:00:00Z,Gizmo,1523.115568173384
OK,2019-01-01T00:00:00Z,Widget,2678.5865694601857
OK,2019-01-01T00:00:00Z,,7624.879184132769
OK,2020-01-01T00:00:00Z,Doohickey,530.6506171444081
OK,2020-01-01T00:00:00Z,Gadget,508.2507080546533
OK,2020-01-01T00:00:00Z,Gizmo,603.4405363246015
OK,2020-01-01T00:00:00Z,Widget,489.3332628929141
OK,2020-01-01T00:00:00Z,,2131.675124416577
OK,,Doohickey,4325.448884265563
OK,,Gadget,5002.748139521199
OK,,Gizmo,4604.708890523223
OK,,Widget,6228.778085794849
OK,,,20161.68400010482
OR,2016-01-01T00:00:00Z,Doohickey,79.13657369427435
OR,2016-01-01T00:00:00Z,Gadget,161.16310897663084
OR,2016-01-01T00:00:00Z,Gizmo,203.0356214763341
OR,2016-01-01T00:00:00Z,Widget,222.12366539569516
OR,2016-01-01T00:00:00Z,,665.4589695429345
OR,2017-01-01T00:00:00Z,Doohickey,510.74918973090803
OR,2017-01-01T00:00:00Z,Gadget,786.2217506528896
OR,2017-01-01T00:00:00Z,Gizmo,1081.2271530129103
OR,2017-01-01T00:00:00Z,Widget,1193.1538527737073
OR,2017-01-01T00:00:00Z,,3571.3519461704145
OR,2018-01-01T00:00:00Z,Doohickey,1366.8131471910754
OR,2018-01-01T00:00:00Z,Gadget,2557.5056417092273
OR,2018-01-01T00:00:00Z,Gizmo,2981.8482975532947
OR,2018-01-01T00:00:00Z,Widget,2741.3129558461264
OR,2018-01-01T00:00:00Z,,9647.480042299721
OR,2019-01-01T00:00:00Z,Doohickey,1876.645731770426
OR,2019-01-01T00:00:00Z,Gadget,3192.3417742761594
OR,2019-01-01T00:00:00Z,Gizmo,3445.6704282300548
OR,2019-01-01T00:00:00Z,Widget,3535.405835116681
OR,2019-01-01T00:00:00Z,,12050.063769393315
OR,2020-01-01T00:00:00Z,Doohickey,779.9675563820813
OR,2020-01-01T00:00:00Z,Gadget,1108.5866670256949
OR,2020-01-01T00:00:00Z,Gizmo,1185.8106755306437
OR,2020-01-01T00:00:00Z,Widget,1393.3703198383585
OR,2020-01-01T00:00:00Z,,4467.735218776778
OR,,Doohickey,4613.312198768765
OR,,Gadget,7805.8189426406025
OR,,Gizmo,8897.592175803235
OR,,Widget,9085.36662897057
OR,,,30402.089946183187
PA,2016-01-01T00:00:00Z,Doohickey,535.554765624706
PA,2016-01-01T00:00:00Z,Gadget,134.40547951762403
PA,2016-01-01T00:00:00Z,Gizmo,273.5025319684975
PA,2016-01-01T00:00:00Z,Widget,200.21191769747043
PA,2016-01-01T00:00:00Z,,1143.674694808298
PA,2017-01-01T00:00:00Z,Doohickey,867.0456066307972
PA,2017-01-01T00:00:00Z,Gadget,1105.9116344609517
PA,2017-01-01T00:00:00Z,Gizmo,654.4496999096344
PA,2017-01-01T00:00:00Z,Widget,742.167992081531
PA,2017-01-01T00:00:00Z,,3369.574933082914
PA,2018-01-01T00:00:00Z,Doohickey,1778.9560180302392
PA,2018-01-01T00:00:00Z,Gadget,3013.692999554579
PA,2018-01-01T00:00:00Z,Gizmo,2232.398404835381
PA,2018-01-01T00:00:00Z,Widget,2837.798739633372
PA,2018-01-01T00:00:00Z,,9862.846162053569
PA,2019-01-01T00:00:00Z,Doohickey,2264.9985261878596
PA,2019-01-01T00:00:00Z,Gadget,3570.6874500420913
PA,2019-01-01T00:00:00Z,Gizmo,3154.1188242139156
PA,2019-01-01T00:00:00Z,Widget,4459.238569974441
PA,2019-01-01T00:00:00Z,,13449.043370418296
PA,2020-01-01T00:00:00Z,Doohickey,247.94367178323097
PA,2020-01-01T00:00:00Z,Gadget,981.5335509190554
PA,2020-01-01T00:00:00Z,Gizmo,769.3270629405552
PA,2020-01-01T00:00:00Z,Widget,1098.121368424772
PA,2020-01-01T00:00:00Z,,3096.925654067614
PA,,Doohickey,5694.4985882568335
PA,,Gadget,8806.231114494298
PA,,Gizmo,7083.7965238679835
PA,,Widget,9337.538587811592
PA,,,30922.06481443068
SC,2016-01-01T00:00:00Z,Doohickey,295.7475727172476
SC,2016-01-01T00:00:00Z,Gadget,158.97797438961362
SC,2016-01-01T00:00:00Z,Gizmo,128.37900015033298
SC,2016-01-01T00:00:00Z,Widget,83.49598746872304
SC,2016-01-01T00:00:00Z,,666.6005347259171
SC,2017-01-01T00:00:00Z,Doohickey,956.8700135444999
SC,2017-01-01T00:00:00Z,Gadget,1138.0722182133393
SC,2017-01-01T00:00:00Z,Gizmo,854.2482065860178
SC,2017-01-01T00:00:00Z,Widget,1021.2136563378265
SC,2017-01-01T00:00:00Z,,3970.4040946816835
SC,2018-01-01T00:00:00Z,Doohickey,2040.8288522091555
SC,2018-01-01T00:00:00Z,Gadget,2840.3093582877827
SC,2018-01-01T00:00:00Z,Gizmo,2159.2938311854373
SC,2018-01-01T00:00:00Z,Widget,1821.5502941431175
SC,2018-01-01T00:00:00Z,,8861.982335825489
SC,2019-01-01T00:00:00Z,Doohickey,1427.075066020647
SC,2019-01-01T00:00:00Z,Gadget,2295.0033254977366
SC,2019-01-01T00:00:00Z,Gizmo,2342.7928931329047
SC,2019-01-01T00:00:00Z,Widget,2674.1092730212845
SC,2019-01-01T00:00:00Z,,8738.98055767257
SC,2020-01-01T00:00:00Z,Doohickey,779.9563508082073
SC,2020-01-01T00:00:00Z,Gadget,758.3325792727989
SC,2020-01-01T00:00:00Z,Gizmo,968.1431263079218
SC,2020-01-01T00:00:00Z,Widget,1136.565309325687
SC,2020-01-01T00:00:00Z,,3642.9973657146147
SC,,Doohickey,5500.477855299758
SC,,Gadget,7190.6954556612745
SC,,Gizmo,6452.857057362613
SC,,Widget,6736.934520296639
SC,,,25880.96488862027
SD,2016-01-01T00:00:00Z,Doohickey,366.2819244640723
SD,2016-01-01T00:00:00Z,Gadget,379.1442679032457
SD,2016-01-01T00:00:00Z,Gizmo,556.9439736534871
SD,2016-01-01T00:00:00Z,Widget,262.3631615810567
SD,2016-01-01T00:00:00Z,,1564.7333276018612
SD,2017-01-01T00:00:00Z,Doohickey,1238.3713366432137
SD,2017-01-01T00:00:00Z,Gadget,2165.8599707360227
SD,2017-01-01T00:00:00Z,Gizmo,1053.5880990305398
SD,2017-01-01T00:00:00Z,Widget,1316.0620600371385
SD,2017-01-01T00:00:00Z,,5773.881466446916
SD,2018-01-01T00:00:00Z,Doohickey,1737.1887705276276
SD,2018-01-01T00:00:00Z,Gadget,2809.931084016307
SD,2018-01-01T00:00:00Z,Gizmo,3329.296922910815
SD,2018-01-01T00:00:00Z,Widget,3384.8129601622154
SD,2018-01-01T00:00:00Z,,11261.229737616968
SD,2019-01-01T00:00:00Z,Doohickey,2698.8466549827262
SD,2019-01-01T00:00:00Z,Gadget,4846.6479932865295
SD,2019-01-01T00:00:00Z,Gizmo,3733.172770191596
SD,2019-01-01T00:00:00Z,Widget,4487.963212114439
SD,2019-01-01T00:00:00Z,,15766.630630575288
SD,2020-01-01T00:00:00Z,Doohickey,1312.8426770297629
SD,2020-01-01T00:00:00Z,Gadget,1228.665183886072
SD,2020-01-01T00:00:00Z,Gizmo,1095.0129740594882
SD,2020-01-01T00:00:00Z,Widget,1437.8656584294604
SD,2020-01-01T00:00:00Z,,5074.386493404784
SD,,Doohickey,7353.531363647403
SD,,Gadget,11430.248499828176
SD,,Gizmo,9768.014739845921
SD,,Widget,10889.067052324313
SD,,,39440.86165564582
TN,2016-01-01T00:00:00Z,Doohickey,25.536330427467956
TN,2016-01-01T00:00:00Z,Gadget,66.98163881255073
TN,2016-01-01T00:00:00Z,Gizmo,235.3036853804677
TN,2016-01-01T00:00:00Z,Widget,233.9820163652504
TN,2016-01-01T00:00:00Z,,561.8036709857369
TN,2017-01-01T00:00:00Z,Doohickey,677.3499677773566
TN,2017-01-01T00:00:00Z,Gadget,1276.0490723491475
TN,2017-01-01T00:00:00Z,Gizmo,1085.506997082299
TN,2017-01-01T00:00:00Z,Widget,1516.2626352220964
TN,2017-01-01T00:00:00Z,,4555.168672430901
TN,2018-01-01T00:00:00Z,Doohickey,1017.2843922835963
TN,2018-01-01T00:00:00Z,Gadget,2450.3931724908816
TN,2018-01-01T00:00:00Z,Gizmo,2736.4182119757024
TN,2018-01-01T00:00:00Z,Widget,3537.533631954192
TN,2018-01-01T00:00:00Z,,9741.629408704373
TN,2019-01-01T00:00:00Z,Doohickey,2901.9505687352826
TN,2019-01-01T00:00:00Z,Gadget,3235.855416104223
TN,2019-01-01T00:00:00Z,Gizmo,3611.64425037412
TN,2019-01-01T00:00:00Z,Widget,3756.2162470691837
TN,2019-01-01T00:00:00Z,,13505.666482282804
TN,2020-01-01T00:00:00Z,Doohickey,1071.9147909198775
TN,2020-01-01T00:00:00Z,Gadget,1125.0178717100857
TN,2020-01-01T00:00:00Z,Gizmo,1094.4615143484787
TN,2020-01-01T00:00:00Z,Widget,1196.099217043829
TN,2020-01-01T00:00:00Z,,4487.493394022272
TN,,Doohickey,5694.036050143578
TN,,Gadget,8154.297171466891
TN,,Gizmo,8763.334659161068
TN,,Widget,10240.093747654555
TN,,,32851.76162842606
TX,2016-01-01T00:00:00Z,Doohickey,268.94579748437445
TX,2016-01-01T00:00:00Z,Gadget,757.8098708344028
TX,2016-01-01T00:00:00Z,Gizmo,346.2552262383118
TX,2016-01-01T00:00:00Z,Widget,791.6509971538045
TX,2016-01-01T00:00:00Z,,2164.661891710893
TX,2017-01-01T00:00:00Z,Doohickey,3364.2148427523525
TX,2017-01-01T00:00:00Z,Gadget,3966.6304090278186
TX,2017-01-01T00:00:00Z,Gizmo,2678.486616698689
TX,2017-01-01T00:00:00Z,Widget,4529.103495471304
TX,2017-01-01T00:00:00Z,,14538.435363950173
TX,2018-01-01T00:00:00Z,Doohickey,6406.136409576028
TX,2018-01-01T00:00:00Z,Gadget,8544.381896695622
TX,2018-01-01T00:00:00Z,Gizmo,10036.431840319014
TX,2018-01-01T00:00:00Z,Widget,10381.738719369885
TX,2018-01-01T00:00:00Z,,35368.68886596052
TX,2019-01-01T00:00:00Z,Doohickey,7186.054961299867
TX,2019-01-01T00:00:00Z,Gadget,11026.307377816476
TX,2019-01-01T00:00:00Z,Gizmo,11220.10933876871
TX,2019-01-01T00:00:00Z,Widget,11579.426820753526
TX,2019-01-01T00:00:00Z,,41011.89849863862
TX,2020-01-01T00:00:00Z,Doohickey,1670.1757000133962
TX,2020-01-01T00:00:00Z,Gadget,2518.7326858609485
TX,2020-01-01T00:00:00Z,Gizmo,2674.153105534628
TX,2020-01-01T00:00:00Z,Widget,2913.873071118055
TX,2020-01-01T00:00:00Z,,9776.93456252703
TX,,Doohickey,18895.527711126026
TX,,Gadget,26813.86224023522
TX,,Gizmo,26955.436127559373
TX,,Widget,30195.793103866567
TX,,,102860.61918278715
UT,2016-01-01T00:00:00Z,Doohickey,146.3864006234236
UT,2016-01-01T00:00:00Z,Widget,148.22390906662073
UT,2016-01-01T00:00:00Z,,294.61030969004435
UT,2017-01-01T00:00:00Z,Doohickey,174.17637923538427
UT,2017-01-01T00:00:00Z,Gadget,217.69969282316777
UT,2017-01-01T00:00:00Z,Gizmo,235.8015019511377
UT,2017-01-01T00:00:00Z,Widget,304.2040038527931
UT,2017-01-01T00:00:00Z,,931.8815778624829
UT,2018-01-01T00:00:00Z,Doohickey,659.2785559284737
UT,2018-01-01T00:00:00Z,Gadget,644.0884815924965
UT,2018-01-01T00:00:00Z,Gizmo,580.9320053017384
UT,2018-01-01T00:00:00Z,Widget,828.6903567221138
UT,2018-01-01T00:00:00Z,,2712.9893995448224
UT,2019-01-01T00:00:00Z,Doohickey,373.8549314408078
UT,2019-01-01T00:00:00Z,Gadget,727.771790518289
UT,2019-01-01T00:00:00Z,Gizmo,588.5309894193424
UT,2019-01-01T00:00:00Z,Widget,632.7538286879249
UT,2019-01-01T00:00:00Z,,2322.9115400663645
UT,2020-01-01T00:00:00Z,Doohickey,66.64727121216615
UT,2020-01-01T00:00:00Z,Gadget,241.75194017938307
UT,2020-01-01T00:00:00Z,Gizmo,75.08016314504417
UT,2020-01-01T00:00:00Z,,383.47937453659335
UT,,Doohickey,1420.3435384402558
UT,,Gadget,1831.3119051133365
UT,,Gizmo,1480.3446598172625
UT,,Widget,1913.8720983294525
UT,,,6645.872201700308
VA,2016-01-01T00:00:00Z,Doohickey,78.6996782532274
VA,2016-01-01T00:00:00Z,Gadget,131.1127421147184
VA,2016-01-01T00:00:00Z,Gizmo,105.7464953000651
VA,2016-01-01T00:00:00Z,Widget,37.01783079127111
VA,2016-01-01T00:00:00Z,,352.57674645928205
VA,2017-01-01T00:00:00Z,Doohickey,633.0047889397933
VA,2017-01-01T00:00:00Z,Gadget,919.0827883544744
VA,2017-01-01T00:00:00Z,Gizmo,756.3283987068917
VA,2017-01-01T00:00:00Z,Widget,908.6346311562542
VA,2017-01-01T00:00:00Z,,3217.050607157413
VA,2018-01-01T00:00:00Z,Doohickey,1435.8817659197707
VA,2018-01-01T00:00:00Z,Gadget,2332.479889893166
VA,2018-01-01T00:00:00Z,Gizmo,2803.5146601848
VA,2018-01-01T00:00:00Z,Widget,2902.3305306771954
VA,2018-01-01T00:00:00Z,,9474.206846674937
VA,2019-01-01T00:00:00Z,Doohickey,2442.5186394433285
VA,2019-01-01T00:00:00Z,Gadget,2040.5651280043385
VA,2019-01-01T00:00:00Z,Gizmo,2448.226954368112
VA,2019-01-01T00:00:00Z,Widget,3159.281702082994
VA,2019-01-01T00:00:00Z,,10090.592423898775
VA,2020-01-01T00:00:00Z,Doohickey,685.3200495682836
VA,2020-01-01T00:00:00Z,Gadget,969.2870197739674
VA,2020-01-01T00:00:00Z,Gizmo,292.95720408082116
VA,2020-01-01T00:00:00Z,Widget,1089.4865666431388
VA,2020-01-01T00:00:00Z,,3037.050840066212
VA,,Doohickey,5275.424922124401
VA,,Gadget,6392.527568140667
VA,,Gizmo,6406.773712640694
VA,,Widget,8096.751261350856
VA,,,26171.47746425659
VT,2016-01-01T00:00:00Z,Gizmo,50.433725012700116
VT,2016-01-01T00:00:00Z,,50.433725012700116
VT,2017-01-01T00:00:00Z,Doohickey,311.3385254131365
VT,2017-01-01T00:00:00Z,Gadget,448.61349523126785
VT,2017-01-01T00:00:00Z,Gizmo,276.6755384615325
VT,2017-01-01T00:00:00Z,Widget,129.5026748047659
VT,2017-01-01T00:00:00Z,,1166.1302339107028
VT,2018-01-01T00:00:00Z,Doohickey,329.25174148909423
VT,2018-01-01T00:00:00Z,Gadget,795.9156702614399
VT,2018-01-01T00:00:00Z,Gizmo,767.697091070067
VT,2018-01-01T00:00:00Z,Widget,231.01683839970406
VT,2018-01-01T00:00:00Z,,2123.881341220305
VT,2019-01-01T00:00:00Z,Doohickey,688.1634329269701
VT,2019-01-01T00:00:00Z,Gadget,969.0068341104286
VT,2019-01-01T00:00:00Z,Gizmo,640.1849737900686
VT,2019-01-01T00:00:00Z,Widget,716.1731532613417
VT,2019-01-01T00:00:00Z,,3013.5283940888103
VT,2020-01-01T00:00:00Z,Doohickey,112.41825444654248
VT,2020-01-01T00:00:00Z,Gadget,222.62869964969087
VT,2020-01-01T00:00:00Z,Gizmo,402.8415199602292
VT,2020-01-01T00:00:00Z,Widget,110.86636317144604
VT,2020-01-01T00:00:00Z,,848.7548372279086
VT,,Doohickey,1441.1719542757432
VT,,Gadget,2436.1646992528267
VT,,Gizmo,2137.832848294598
VT,,Widget,1187.5590296372577
VT,,,7202.728531460426
WA,2016-01-01T00:00:00Z,Doohickey,317.476497262343
WA,2016-01-01T00:00:00Z,Gadget,254.3699532281613
WA,2016-01-01T00:00:00Z,Gizmo,185.13587178219285
WA,2016-01-01T00:00:00Z,Widget,481.0601937597084
WA,2016-01-01T00:00:00Z,,1238.0425160324057
WA,2017-01-01T00:00:00Z,Doohickey,1043.250910457055
WA,2017-01-01T00:00:00Z,Gadget,1345.297855351839
WA,2017-01-01T00:00:00Z,Gizmo,1089.1624154625868
WA,2017-01-01T00:00:00Z,Widget,894.1431760862876
WA,2017-01-01T00:00:00Z,,4371.854357357769
WA,2018-01-01T00:00:00Z,Doohickey,2217.4599574586523
WA,2018-01-01T00:00:00Z,Gadget,2784.0007704934037
WA,2018-01-01T00:00:00Z,Gizmo,2387.062678343592
WA,2018-01-01T00:00:00Z,Widget,3522.118503743226
WA,2018-01-01T00:00:00Z,,10910.641910038874
WA,2019-01-01T00:00:00Z,Doohickey,2041.2512109149625
WA,2019-01-01T00:00:00Z,Gadget,3432.28763096613
WA,2019-01-01T00:00:00Z,Gizmo,3316.2899907961614
WA,2019-01-01T00:00:00Z,Widget,2175.2323494545626
WA,2019-01-01T00:00:00Z,,10965.061182131816
WA,2020-01-01T00:00:00Z,Doohickey,641.5389689771663
WA,2020-01-01T00:00:00Z,Gadget,472.9083887264218
WA,2020-01-01T00:00:00Z,Gizmo,897.5508840273919
WA,2020-01-01T00:00:00Z,Widget,1407.8976430918403
WA,2020-01-01T00:00:00Z,,3419.8958848228203
WA,,Doohickey,6260.977545070178
WA,,Gadget,8288.864598765958
WA,,Gizmo,7875.201840411927
WA,,Widget,8480.451866135625
WA,,,30905.495850383657
WI,2016-01-01T00:00:00Z,Doohickey,417.3790738201527
WI,2016-01-01T00:00:00Z,Gadget,188.21345827433422
WI,2016-01-01T00:00:00Z,Gizmo,289.2134898202345
WI,2016-01-01T00:00:00Z,Widget,655.7629872182963
WI,2016-01-01T00:00:00Z,,1550.5690091330175
WI,2017-01-01T00:00:00Z,Doohickey,1696.8506428982664
WI,2017-01-01T00:00:00Z,Gadget,1569.3711119949899
WI,2017-01-01T00:00:00Z,Gizmo,1543.0707764675667
WI,2017-01-01T00:00:00Z,Widget,2237.2139389552176
WI,2017-01-01T00:00:00Z,,7046.506470316042
WI,2018-01-01T00:00:00Z,Doohickey,4078.980739263083
WI,2018-01-01T00:00:00Z,Gadget,4820.675878216583
WI,2018-01-01T00:00:00Z,Gizmo,4839.273177227147
WI,2018-01-01T00:00:00Z,Widget,5201.487024549861
WI,2018-01-01T00:00:00Z,,18940.416819256665
WI,2019-01-01T00:00:00Z,Doohickey,4063.890679795929
WI,2019-01-01T00:00:00Z,Gadget,4692.9665787189415
WI,2019-01-01T00:00:00Z,Gizmo,6363.674436022175
WI,2019-01-01T00:00:00Z,Widget,4116.135882757019
WI,2019-01-01T00:00:00Z,,19236.667577294058
WI,2020-01-01T00:00:00Z,Doohickey,1643.5903855147492
WI,2020-01-01T00:00:00Z,Gadget,2639.0303737860777
WI,2020-01-01T00:00:00Z,Gizmo,1529.0193383942553
WI,2020-01-01T00:00:00Z,Widget,1359.834730663637
WI,2020-01-01T00:00:00Z,,7171.4748283587205
WI,,Doohickey,11900.691521292183
WI,,Gadget,13910.257400990922
WI,,Gizmo,14564.251217931378
WI,,Widget,13570.434564144043
WI,,,53945.6347043585
WV,2016-01-01T00:00:00Z,Doohickey,65.41709177602249
WV,2016-01-01T00:00:00Z,Gadget,275.3107254840799
WV,2016-01-01T00:00:00Z,Widget,191.74981125207057
WV,2016-01-01T00:00:00Z,,532.4776285121729
WV,2017-01-01T00:00:00Z,Doohickey,375.5470861877704
WV,2017-01-01T00:00:00Z,Gadget,859.9155221068046
WV,2017-01-01T00:00:00Z,Gizmo,640.9152444966389
WV,2017-01-01T00:00:00Z,Widget,904.3626453294996
WV,2017-01-01T00:00:00Z,,2780.740498120714
WV,2018-01-01T00:00:00Z,Doohickey,666.8567650394318
WV,2018-01-01T00:00:00Z,Gadget,1638.860695184316
WV,2018-01-01T00:00:00Z,Gizmo,1664.842044470705
WV,2018-01-01T00:00:00Z,Widget,1009.0596986715989
WV,2018-01-01T00:00:00Z,,4979.6192033660545
WV,2019-01-01T00:00:00Z,Doohickey,1070.9199828246947
WV,2019-01-01T00:00:00Z,Gadget,1548.5695796262844
WV,2019-01-01T00:00:00Z,Gizmo,1771.7457814085883
WV,2019-01-01T00:00:00Z,Widget,1854.648493483908
WV,2019-01-01T00:00:00Z,,6245.8838373434755
WV,2020-01-01T00:00:00Z,Doohickey,72.18187818851702
WV,2020-01-01T00:00:00Z,Gadget,366.35060923727485
WV,2020-01-01T00:00:00Z,Gizmo,493.0408809247192
WV,2020-01-01T00:00:00Z,Widget,457.26684084019803
WV,2020-01-01T00:00:00Z,,1388.8402091907094
WV,,Doohickey,2250.922804016437
WV,,Gadget,4689.007131638762
WV,,Gizmo,4570.543951300652
WV,,Widget,4417.087489577275
WV,,,15927.561376533129
WY,2016-01-01T00:00:00Z,Doohickey,25.536330427467956
WY,2016-01-01T00:00:00Z,Gadget,177.16268959026706
WY,2016-01-01T00:00:00Z,Gizmo,108.17394000874766
WY,2016-01-01T00:00:00Z,Widget,247.29180222980887
WY,2016-01-01T00:00:00Z,,558.1647622562916
WY,2017-01-01T00:00:00Z,Doohickey,792.5212500464368
WY,2017-01-01T00:00:00Z,Gadget,638.2157144064163
WY,2017-01-01T00:00:00Z,Gizmo,621.4549860883427
WY,2017-01-01T00:00:00Z,Widget,536.2817057441558
WY,2017-01-01T00:00:00Z,,2588.473656285352
WY,2018-01-01T00:00:00Z,Doohickey,1452.1812657612866
WY,2018-01-01T00:00:00Z,Gadget,1335.6799945039236
WY,2018-01-01T00:00:00Z,Gizmo,1244.9878479793256
WY,2018-01-01T00:00:00Z,Widget,1812.8792647982723
WY,2018-01-01T00:00:00Z,,5845.728373042809
WY,2019-01-01T00:00:00Z,Doohickey,1276.074423049712
WY,2019-01-01T00:00:00Z,Gadget,2602.443666500637
WY,2019-01-01T00:00:00Z,Gizmo,2155.0019281382215
WY,2019-01-01T00:00:00Z,Widget,2441.7780798591366
WY,2019-01-01T00:00:00Z,,8475.29809754771
WY,2020-01-01T00:00:00Z,Doohickey,357.01048555546237
WY,2020-01-01T00:00:00Z,Gadget,828.2860614086333
WY,2020-01-01T00:00:00Z,Gizmo,558.9137012523831
WY,2020-01-01T00:00:00Z,Widget,475.1252896836412
WY,2020-01-01T00:00:00Z,,2219.3355379001196
WY,,Gadget,5581.788126409876
WY,,Widget,5513.356142315014
WY,,Gizmo,4688.532403467022
WY,,,19687.00042703227
WY,,Doohickey,3903.3237548403667
,2016-01-01T00:00:00Z,Doohickey,8679.441692962115
,2016-01-01T00:00:00Z,Gadget,10277.247428944827
,2016-01-01T00:00:00Z,Gizmo,9539.930763571245
,2016-01-01T00:00:00Z,Widget,12005.005891437022
,2017-01-01T00:00:00Z,Doohickey,41479.443068940236
,2017-01-01T00:00:00Z,Gadget,52759.418003348575
,2017-01-01T00:00:00Z,Gizmo,46284.72207391541
,2017-01-01T00:00:00Z,Widget,56807.353854424466
,2018-01-01T00:00:00Z,Doohickey,94293.53611792845
,2018-01-01T00:00:00Z,Gadget,128183.61482139962
,2018-01-01T00:00:00Z,Gizmo,131060.0693465928
,2018-01-01T00:00:00Z,Widget,134908.71891524328
,2019-01-01T00:00:00Z,Doohickey,105767.35640201546
,2019-01-01T00:00:00Z,Gadget,153829.10197361905
,2019-01-01T00:00:00Z,Gizmo,138937.27702807728
,2019-01-01T00:00:00Z,Widget,154510.9111674051
,2020-01-01T00:00:00Z,Doohickey,34821.99854037833
,2020-01-01T00:00:00Z,Gadget,44764.83193151739
,2020-01-01T00:00:00Z,Gizmo,41400.297816386985
,2020-01-01T00:00:00Z,Widget,47877.889039796995
,,Doohickey,285041.7758222236
,,Gadget,389814.21415883425
,,Gizmo,367222.2970285405
,,Widget,406109.8788683058
,2016-01-01T00:00:00Z,,40501.625776915134
,2017-01-01T00:00:00Z,,197330.93700062972
,2018-01-01T00:00:00Z,,488445.9392011633
,2019-01-01T00:00:00Z,,553044.6465711137
,2020-01-01T00:00:00Z,,168865.01732808028
,,,1448188.1658779324
